統計名：,検察統計,,,,,,,,,,,,,,,,,,,,,,,,,,,,,,,,,,,,,,,,,,,,,,,,,,,,,,,,,,,,,,,,,,,,,,,,,,,,,,,,,,,,
,,,,/時間軸(年次),2021年,2021年,2021年,2020年,2020年,2020年,2019年,2019年,2019年,2018年,2018年,2018年,2017年,2017年,2017年,2016年,2016年,2016年,2015年,2015年,2015年,2014年,2014年,2014年,2013年,2013年,2013年,2012年,2012年,2012年,2011年,2011年,2011年,2010年,2010年,2010年,2009年,2009年,2009年,2008年,2008年,2008年,2007年,2007年,2007年,2006年,2006年,2006年,2005年,2005年,2005年,2002年,2002年,2002年,2001年,2001年,2001年,2000年,2000年,2000年,1999年,1999年,1999年,1998年,1998年,1998年,1997年,1997年,1997年,1996年,1996年,1996年,1995年,1995年,1995年,1994年,1994年,1994年,1993年,1993年,1993年
,,,,/既済事由 コード,110,140,290,110,140,290,110,140,290,110,140,290,110,140,290,110,140,290,110,140,290,110,140,290,110,140,290,110,140,290,110,140,290,110,140,290,110,140,290,110,140,290,110,140,290,110,140,290,110,140,290,110,140,290,110,140,290,110,140,290,110,140,290,110,140,290,110,140,290,110,140,290,110,140,290,110,140,290,110,140,290
表章項目 コード,表章項目,罪名_年次 コード,罪名_年次,/既済事由,起訴【人】,不起訴【人】,起訴率【%】,起訴【人】,不起訴【人】,起訴率【%】,起訴【人】,不起訴【人】,起訴率【%】,起訴【人】,不起訴【人】,起訴率【%】,起訴【人】,不起訴【人】,起訴率【%】,起訴【人】,不起訴【人】,起訴率【%】,起訴【人】,不起訴【人】,起訴率【%】,起訴【人】,不起訴【人】,起訴率【%】,起訴【人】,不起訴【人】,起訴率【%】,起訴【人】,不起訴【人】,起訴率【%】,起訴【人】,不起訴【人】,起訴率【%】,起訴【人】,不起訴【人】,起訴率【%】,起訴【人】,不起訴【人】,起訴率【%】,起訴【人】,不起訴【人】,起訴率【%】,起訴【人】,不起訴【人】,起訴率【%】,起訴【人】,不起訴【人】,起訴率【%】,起訴【人】,不起訴【人】,起訴率【%】,起訴【人】,不起訴【人】,起訴率【%】,起訴【人】,不起訴【人】,起訴率【%】,起訴【人】,不起訴【人】,起訴率【%】,起訴【人】,不起訴【人】,起訴率【%】,起訴【人】,不起訴【人】,起訴率【%】,起訴【人】,不起訴【人】,起訴率【%】,起訴【人】,不起訴【人】,起訴率【%】,起訴【人】,不起訴【人】,起訴率【%】,起訴【人】,不起訴【人】,起訴率【%】,起訴【人】,不起訴【人】,起訴率【%】
120,人員,100,総数,,"244,425","492,096",33.2,"253,444","511,021",33.2,"282,844","576,677",32.9,"308,721","632,323",32.8,"329,517","671,694",32.9,"352,669","701,719",33.4,"371,459","739,937",33.4,"377,539","772,221",32.8,"405,415","829,093",32.8,"443,965","861,137",34.0,"474,125","880,287",35.0,"518,253","913,356",36.2,"559,594","934,223",37.5,"587,957","966,549",37.8,"684,483","1,043,862",39.6,"798,130","1,084,038",42.4,"862,468","1,061,501",44.8,"994,749","947,102",51.2,"1,022,651","932,829",52.3,"1,035,182","884,700",53.9,"1,139,334","781,584",59.3,"1,128,503","695,630",61.9,"1,154,590","650,265",64.0,"1,122,399","677,479",62.4,"1,084,122","673,477",61.7,"1,173,806","658,163",64.1,"1,242,529","640,631",66.0
120,人員,110,刑法犯,,"100,890","350,493",22.4,"104,274","362,456",22.3,"112,861","426,313",20.9,"115,778","476,745",19.5,"119,269","513,885",18.8,"124,381","539,174",18.7,"131,276","577,655",18.5,"132,834","612,036",17.8,"135,421","664,682",16.9,"142,594","689,076",17.1,"146,036","711,410",17.0,"155,709","739,100",17.4,"164,172","749,807",18.0,"168,581","764,991",18.1,"180,113","834,187",17.8,"196,128","886,489",18.1,"201,472","891,636",18.4,"202,853","818,167",19.9,"192,501","816,299",19.1,"180,077","781,382",18.7,"162,068","688,447",19.1,"155,330","611,532",20.3,"156,429","570,612",21.5,"157,602","597,454",20.9,"161,049","590,306",21.4,"164,279","575,284",22.3,"166,237","561,874",22.8
120,人員,150,刑法犯_公務執行妨害,,836,893,48.4,879,804,52.2,"1,058",919,53.5,929,"1,032",47.4,967,936,50.8,"1,111",879,55.8,"1,211","1,000",54.8,"1,285",994,56.4,"1,358","1,025",57.0,"1,401",977,58.9,"1,395",977,58.8,"1,472",865,63.0,"1,511",952,61.3,"1,855",927,66.7,"1,992","1,098",64.5,"1,804","1,176",60.5,"1,116","1,408",44.2,980,988,49.8,702,844,45.4,633,774,45.0,519,586,47.0,464,614,43.0,507,683,42.6,457,645,41.5,296,532,35.7,255,480,34.7,226,357,38.8
120,人員,190,刑法犯_放火,,233,465,33.4,229,445,34.0,223,463,32.5,273,493,35.6,260,479,35.2,297,499,37.3,369,471,43.9,319,379,45.7,340,367,48.1,290,367,44.1,349,439,44.3,414,407,50.4,430,383,52.9,463,410,53.0,521,445,53.9,574,391,59.5,628,393,61.5,591,315,65.2,628,308,67.1,586,319,64.8,563,260,68.4,436,282,60.7,523,272,65.8,447,279,61.6,416,271,60.6,434,263,62.3,447,306,59.4
120,人員,260,刑法犯_住居侵入,,"2,074","2,944",41.3,"2,184","3,214",40.5,"2,189","3,277",40.0,"2,147","3,147",40.6,"2,293","3,316",40.9,"2,576","3,598",41.7,"2,328","3,636",39.0,"2,448","3,646",40.2,"2,522","3,567",41.4,"2,583","3,569",42.0,"2,547","3,378",43.0,"2,632","3,144",45.6,"2,537","3,144",44.7,"2,682","3,238",45.3,"2,852","3,295",46.4,"3,386","3,515",49.1,"3,459","3,490",49.8,"3,190","2,446",56.6,"2,839","2,019",58.4,"2,824","1,912",59.6,"2,341","1,570",59.9,"2,130","1,443",59.6,"1,943","1,566",55.4,"1,805","1,615",52.8,"1,753","1,684",51.9,"1,790","1,512",54.2,"1,625","1,589",50.6
120,人員,370,刑法犯_支払用カード電磁的記録関係,,26,5,83.9,46,40,53.5,184,46,80.0,369,92,80.0,675,154,81.4,357,72,83.2,54,30,64.3,65,16,80.2,51,23,68.9,72,34,67.9,108,62,63.5,127,86,59.6,261,85,75.4,260,71,78.5,162,54,75.0,185,65,74.0,283,74,79.3,195,81,70.7,54,12,81.8,…,…,…,…,…,…,…,…,…,…,…,…,…,…,…,…,…,…,…,…,…,…,…,…
120,人員,420,刑法犯_わいせつ・わいせつ文書頒布等,,"1,291",935,58.0,"1,255",823,60.4,"1,423",738,65.8,"1,348",921,59.4,"1,333",830,61.6,"1,551",948,62.1,"1,624",914,64.0,"1,764",848,67.5,"1,894",918,67.4,"2,288",840,73.1,"2,176",771,73.8,"2,193",676,76.4,"2,181",620,77.9,"2,270",535,80.9,"2,255",565,80.0,"2,435",493,83.2,"2,204",447,83.1,"1,550",267,85.3,"1,571",273,85.2,"1,519",274,84.7,"1,568",269,85.4,"1,603",333,82.8,"1,390",339,80.4,"1,447",360,80.1,"1,261",379,76.9,"1,283",447,74.2,"1,164",339,77.4
120,人員,450,刑法犯_強制わいせつ,,"1,187","2,563",31.7,"1,226","2,395",33.9,"1,278","2,539",33.5,"1,288","2,458",34.4,"1,295","2,127",37.8,"1,308","1,955",40.1,"1,394","1,820",43.4,"1,459","1,730",45.8,"1,529","1,603",48.8,"1,469","1,505",49.4,"1,389","1,236",52.9,"1,435","1,067",57.4,"1,452","1,101",56.9,"1,443","1,197",54.7,"1,569","1,158",57.5,"1,661","1,120",59.7,"1,621","1,163",58.2,"1,402",945,59.7,"1,364",962,58.6,"1,289",843,60.5,980,749,56.7,917,716,56.2,807,694,53.8,661,639,50.8,587,649,47.5,565,613,48.0,558,600,48.2
120,人員,464,刑法犯_強制性交等,,455,948,32.4,502,853,37.0,475,837,36.2,492,760,39.3,354,730,32.7,370,656,36.1,453,832,35.3,448,755,37.2,531,690,43.5,554,547,50.3,561,609,47.9,568,689,45.2,662,716,48.0,789,723,52.2,885,738,54.5,953,603,61.2,"1,027",533,65.8,"1,097",570,65.8,956,496,65.8,"1,112",513,68.4,858,397,68.4,966,370,72.3,880,409,68.3,808,361,69.1,766,372,67.3,732,366,66.7,767,385,66.6
120,人員,490,刑法犯_賭博・富くじ,,320,217,59.6,405,184,68.8,323,161,66.7,264,332,44.3,358,331,52.0,402,328,55.1,483,550,46.8,276,350,44.1,296,367,44.6,487,444,52.3,391,447,46.7,708,617,53.4,775,510,60.3,731,476,60.6,705,583,54.7,533,615,46.4,767,593,56.4,916,621,59.6,"1,198",622,65.8,941,687,57.8,"1,185",787,60.1,"1,609","1,282",55.7,"1,793",965,65.0,"1,626","1,264",56.3,"2,379","1,336",64.0,"1,929","1,384",58.2,"2,358","2,104",52.8
120,人員,540,刑法犯_殺人,,264,858,23.5,278,817,25.4,321,635,33.6,307,734,29.5,325,809,28.7,297,667,30.8,357,711,33.4,352,664,34.6,341,769,30.7,367,787,31.8,420,712,37.1,424,683,38.3,533,564,48.6,637,666,48.9,636,567,52.9,734,560,56.7,802,637,55.7,932,483,65.9,872,537,61.9,855,541,61.2,801,491,62.0,788,529,59.8,769,479,61.6,752,467,61.7,781,"1,001",43.8,713,"1,102",39.3,699,"1,275",35.4
120,人員,570,刑法犯_傷害,,"9,252","21,385",30.2,"10,372","22,651",31.4,"11,244","23,088",32.8,"11,551","24,218",32.3,"11,560","24,016",32.5,"12,513","24,133",34.1,"12,793","22,743",36.0,"13,468","22,736",37.2,"13,564","20,989",39.3,"14,328","19,028",43.0,"13,776","16,897",44.9,"14,559","16,580",46.8,"14,996","16,891",47.0,"16,361","16,437",49.9,"18,459","16,708",52.5,"20,489","15,974",56.2,"20,818","16,414",55.9,"21,307","12,581",62.9,"21,013","10,868",65.9,"19,804","9,277",68.1,"14,281","5,866",70.9,"14,352","6,102",70.2,"14,329","6,248",69.6,"13,879","6,239",69.0,"13,900","6,016",69.8,"14,067","6,721",67.7,"14,197","6,622",68.2
120,人員,630,刑法犯_危険運転致死傷,,339,97,77.8,359,97,78.7,316,102,75.6,342,93,78.6,408,86,82.6,416,82,83.5,433,66,86.8,360,28,92.8,204,20,91.1,213,33,86.6,212,28,88.3,230,28,89.1,256,11,95.9,233,27,89.6,364,16,95.8,378,10,97.4,302,11,96.5,311,7,97.8,0,0,0.0,…,…,…,…,…,…,…,…,…,…,…,…,…,…,…,…,…,…,…,…,…,…,…,…
120,人員,660,刑法犯_過失傷害,,"39,067","249,226",13.6,"40,082","259,297",13.4,"45,403","321,898",12.4,"48,215","367,021",11.6,"50,108","403,053",11.1,"51,872","426,101",10.9,"54,639","462,390",10.6,"56,042","493,327",10.2,"57,253","546,247",9.5,"59,346","572,049",9.4,"61,023","597,951",9.3,"64,972","620,983",9.5,"68,231","632,179",9.7,"70,603","646,297",9.8,"77,713","705,247",9.9,"86,470","747,396",10.4,"92,777","770,088",10.8,"102,613","738,608",12.2,"99,881","747,103",11.8,"93,760","718,750",11.5,"86,972","637,657",12.0,"83,663","560,436",13.0,"88,847","519,687",14.6,"92,450","546,208",14.5,"95,481","537,614",15.1,"97,010","517,726",15.8,"99,687","507,673",16.4
120,人員,950,刑法犯_逮捕・監禁,,190,307,38.2,126,305,29.2,135,279,32.6,104,321,24.5,123,324,27.5,130,323,28.7,136,403,25.2,149,287,34.2,161,281,36.4,148,341,30.3,139,357,28.0,201,333,37.6,217,374,36.7,254,292,46.5,260,288,47.4,301,324,48.2,413,318,56.5,393,342,53.5,447,307,59.3,359,314,53.3,341,204,62.6,225,349,39.2,223,355,38.6,219,243,47.4,233,187,55.5,267,230,53.7,201,212,48.7
120,人員,960,刑法犯_脅迫,,824,"1,375",37.5,806,"1,363",37.2,772,"1,252",38.1,755,"1,337",36.1,854,"1,326",39.2,881,"1,374",39.1,964,"1,461",39.8,"1,048","1,341",43.9,868,"1,106",44.0,887,"1,011",46.7,606,811,42.8,641,762,45.7,611,701,46.6,764,729,51.2,752,775,49.2,840,694,54.8,721,769,48.4,851,490,63.5,903,536,62.8,913,448,67.1,499,236,67.9,476,245,66.0,481,259,65.0,528,307,63.2,431,346,55.5,518,288,64.3,548,275,66.6
120,人員,970,刑法犯_略取・誘拐・人身売買,,133,304,30.4,91,241,27.4,62,224,21.7,68,221,23.5,45,160,22.0,50,131,27.6,53,133,28.5,73,118,38.2,55,111,33.1,74,101,42.3,47,71,39.8,57,92,38.3,81,85,48.8,55,83,39.9,96,96,50.0,119,85,58.3,127,71,64.1,107,58,64.8,128,79,61.8,142,81,63.7,85,41,67.5,91,36,71.7,108,39,73.5,94,70,57.3,93,46,66.9,69,60,53.5,55,35,61.1
120,人員,990,刑法犯_名誉毀損,,286,727,28.2,293,619,32.1,277,632,30.5,236,645,26.8,220,577,27.6,238,565,29.6,236,595,28.4,184,561,24.7,203,397,33.8,148,400,27.0,163,415,28.2,131,468,21.9,141,485,22.5,118,503,19.0,155,486,24.2,148,556,21.0,144,532,21.3,122,622,16.4,159,541,22.7,141,492,22.3,54,274,16.5,38,343,10.0,42,225,15.7,56,334,14.4,63,281,18.3,35,361,8.8,29,329,8.1
120,人員,1010,刑法犯_窃盗,,"29,428","38,115",43.6,"31,229","40,307",43.7,"32,162","42,323",43.2,"31,326","44,901",41.1,"31,687","45,673",41.0,"32,352","46,594",41.0,"34,746","47,439",42.3,"34,882","48,004",42.1,"35,279","50,123",41.3,"38,212","52,238",42.2,"40,793","52,375",43.8,"42,365","56,638",42.8,"43,177","55,390",43.8,"43,071","58,613",42.4,"44,303","67,456",39.6,"44,568","77,201",36.6,"43,455","60,007",42.0,"39,018","33,134",54.1,"35,235","29,009",54.8,"32,147","26,842",54.5,"31,535","22,380",58.5,"29,243","21,055",58.1,"26,326","21,106",55.5,"25,718","21,327",54.7,"26,628","21,858",54.9,"27,879","22,870",54.9,"27,811","23,310",54.4
120,人員,1020,刑法犯_強盗,,244,481,33.7,370,394,48.4,337,421,44.5,386,419,48.0,373,455,45.0,521,552,48.6,574,675,46.0,715,331,68.4,785,240,76.6,898,251,78.2,916,568,61.7,"1,014",627,61.8,"1,271",652,66.1,997,597,62.5,"1,168",473,71.2,"1,413",355,79.9,"1,604",308,83.9,"1,348",260,83.8,"1,132",247,82.1,"1,067",204,83.9,976,171,85.1,813,153,84.2,601,153,79.7,558,149,78.9,622,166,78.9,682,145,82.5,588,152,79.5
120,人員,1030,刑法犯_強盗致死傷,,138,664,17.2,328,562,36.9,253,233,52.1,300,143,67.7,262,134,66.2,247,159,60.8,334,285,54.0,357,601,37.3,398,759,34.4,375,619,37.7,472,593,44.3,522,453,53.5,660,369,64.1,683,273,71.4,770,246,75.8,"1,001",248,80.1,"1,230",182,87.1,"1,134",206,84.6,986,126,88.7,912,140,86.7,872,151,85.2,637,124,83.7,476,107,81.6,426,103,80.5,413,85,82.9,440,123,78.2,441,97,82.0
120,人員,1035,刑法犯_強盗・強制性交等,,24,19,55.8,28,38,42.4,16,8,66.7,30,4,88.2,22,4,84.6,19,3,86.4,36,18,66.7,38,40,48.7,59,44,57.3,57,45,55.9,78,44,63.9,99,38,72.3,129,34,79.1,117,13,90.0,136,40,77.3,149,18,89.2,166,28,85.6,124,18,87.3,90,10,90.0,130,12,91.5,108,8,93.1,105,11,90.5,89,5,94.7,51,8,86.4,51,11,82.3,60,10,85.7,68,23,74.7
120,人員,1070,刑法犯_詐欺,,"8,653","7,764",52.7,"6,903","5,753",54.5,"7,863","5,921",57.0,"8,509","6,501",56.7,"9,109","6,460",58.5,"9,408","7,334",56.2,"9,990","7,489",57.2,"8,794","7,189",55.0,"8,962","7,837",53.3,"9,169","7,492",55.0,"8,648","7,170",54.7,"10,072","6,689",60.1,"12,111","6,399",65.4,"11,224","6,250",64.2,"10,391","5,759",64.3,"12,321","6,008",67.2,"11,911","5,289",69.3,"9,627","4,849",66.5,"9,027","4,144",68.5,"8,269","3,970",67.6,"7,508","3,360",69.1,"7,168","3,693",66.0,"7,015","3,694",65.5,"6,462","3,594",64.3,"6,209","3,778",62.2,"6,741","4,125",62.0,"6,147","4,174",59.6
120,人員,1090,刑法犯_恐喝,,417,"1,016",29.1,452,"1,102",29.1,541,"1,127",32.4,583,"1,347",30.2,609,"1,315",31.7,681,"1,331",33.8,686,"1,433",32.4,869,"1,583",35.4,989,"1,536",39.2,"1,103","1,653",40.0,"1,039","1,713",37.8,"1,376","1,973",41.1,"1,594","2,151",42.6,"1,737","2,083",45.5,"2,305","2,147",51.8,"2,807","2,115",57.0,"3,078","2,105",59.4,"3,360","1,966",63.1,"3,540","1,777",66.6,"3,615","1,719",67.8,"2,596","1,390",65.1,"2,559","1,545",62.4,"2,226","1,435",60.8,"2,064","1,479",58.3,"2,272","1,544",59.5,"2,322","1,883",55.2,"2,220","1,788",55.4
120,人員,1100,刑法犯_横領,,"1,142","4,626",19.8,"1,378","5,231",20.9,"1,342","5,317",20.2,"1,278","6,243",17.0,"1,323","6,349",17.2,"1,363","6,748",16.8,"1,664","7,178",18.8,"1,608","7,318",18.0,"1,729","7,980",17.8,"2,007","8,705",18.7,"2,184","8,828",19.8,"2,222","9,909",18.3,"2,349","11,050",17.5,"2,116","10,988",16.1,"2,212","13,075",14.5,"2,435","13,485",15.3,"2,089","12,596",14.2,"1,849","7,499",19.8,"1,491","6,516",18.6,"1,290","5,111",20.2,"1,056","5,322",16.6,"1,049","4,882",17.7,985,"5,005",16.4,905,"4,988",15.4,846,"5,246",13.9,"1,013","5,129",16.5,901,"4,041",18.2
120,人員,1140,刑法犯_盗品等関係,,85,338,20.1,129,377,25.5,101,347,22.5,108,377,22.3,113,407,21.7,142,432,24.7,197,458,30.1,172,433,28.4,141,488,22.4,171,500,25.5,219,490,30.9,183,519,26.1,273,512,34.8,397,447,47.0,374,504,42.6,561,568,49.7,750,667,52.9,426,462,48.0,410,411,49.9,308,298,50.8,253,241,51.2,210,253,45.4,195,248,44.0,192,228,45.7,143,165,46.4,91,207,30.5,99,142,41.1
120,人員,1150,刑法犯_毀棄・隠匿,,"1,610","5,567",22.4,"1,645","5,807",22.1,"1,688","5,916",22.2,"1,603","6,058",20.9,"1,617","6,485",20.0,"1,896","6,670",22.1,"1,997","6,931",22.4,"2,057","6,422",24.3,"2,025","6,598",23.5,"2,107","6,318",25.0,"2,050","6,140",25.0,"2,021","6,090",24.9,"2,145","6,275",25.5,"2,336","6,542",26.3,"2,523","6,798",27.1,"2,689","6,816",28.3,"2,655","7,041",27.4,"2,423","4,264",36.2,"2,110","3,090",40.6,"1,943","2,766",41.3,"1,236","1,678",42.4,"1,158","1,631",41.5,"1,132","1,678",40.3,"1,059","1,657",39.0,982,"1,654",37.3,"1,025","1,701",37.6,962,"1,665",36.6
120,人員,1180,刑法犯_暴力行為等処罰に関する法律,,544,"1,234",30.6,584,"1,144",33.8,642,"1,109",36.7,631,"1,101",36.4,672,"1,099",37.9,771,"1,073",41.8,731,946,43.6,719,875,45.1,803,864,48.2,873,785,52.7,800,702,53.3,977,609,61.6,994,698,58.7,"1,083",727,59.8,"1,216",691,63.8,"1,496",759,66.3,"1,532",715,68.2,"1,629",565,74.2,"1,481",538,73.4,"1,441",517,73.6,"1,159",380,75.3,"1,314",469,73.7,"1,253",501,71.4,"1,259",433,74.4,"1,273",513,71.3,"1,408",621,69.4,"1,490",635,70.1
120,人員,1320,特別法犯(道路交通法等違反を除く。),,"40,373","42,468",48.7,"41,812","43,952",48.8,"42,512","43,701",49.3,"45,503","43,881",50.9,"45,191","42,586",51.5,"46,450","42,111",52.4,"48,768","42,726",53.3,"48,022","42,305",53.2,"48,722","41,039",54.3,"51,809","41,941",55.3,"54,339","41,350",56.8,"58,237","45,246",56.3,"61,597","48,629",55.9,"61,985","46,449",57.2,"70,366","46,479",60.2,"71,821","42,523",62.8,"74,442","38,166",66.1,"65,056","23,445",73.5,"63,887","23,506",73.1,"61,641","21,946",73.7,"61,600","22,707",73.1,"58,054","19,841",74.5,"60,765","19,927",75.3,"61,334","21,281",74.2,"60,856","25,387",70.6,"52,960","21,912",70.7,"54,017","24,731",68.6
120,人員,1480,特別法犯(道路交通法等違反を除く。)_銃砲刀剣類所持等取締法,,902,"4,369",17.1,"1,051","4,671",18.4,"1,077","4,547",19.2,"1,148","4,584",20.0,"1,249","4,248",22.7,"1,346","4,052",24.9,"1,458","3,965",26.9,"1,490","3,582",29.4,"1,677","3,401",33.0,"1,847","3,616",33.8,"1,938","3,398",36.3,"2,136","3,957",35.1,"2,497","4,269",36.9,"2,469","3,629",40.5,"2,835","3,565",44.3,"2,937","2,689",52.2,"2,601","2,494",51.1,"2,759","1,992",58.1,"2,582","1,865",58.1,"2,546","1,732",59.5,"2,202","1,497",59.5,"2,402","1,371",63.7,"2,222","1,355",62.1,"2,289","1,509",60.3,"2,329","1,400",62.5,"2,100","1,190",63.8,"2,125","1,108",65.7
120,人員,1720,特別法犯(道路交通法等違反を除く。)_麻薬及び向精神薬取締法,,714,445,61.6,689,422,62.0,576,386,59.9,575,451,56.0,580,401,59.1,495,485,50.5,513,482,51.6,355,515,40.8,496,544,47.7,346,373,48.1,462,320,59.1,604,312,65.9,642,396,61.8,839,480,63.6,888,395,69.2,824,326,71.7,790,299,72.5,455,178,71.9,371,142,72.3,359,103,77.7,316,112,73.8,283,121,70.0,237,110,68.3,242,117,67.4,283,121,70.0,299,122,71.0,300,164,64.7
120,人員,1734,特別法犯(道路交通法等違反を除く。)_覚醒剤取締法,,"9,508","3,101",75.4,"10,365","3,058",77.2,"9,942","3,200",75.7,"12,068","3,629",76.9,"12,325","3,538",77.7,"13,479","3,394",79.9,"14,362","3,312",81.3,"14,035","3,432",80.4,"14,179","3,418",80.6,"15,154","3,599",80.8,"16,193","3,257",83.3,"16,131","3,185",83.5,"15,825","3,157",83.4,"14,620","3,270",81.7,"16,473","3,328",83.2,"16,516","3,159",83.9,"19,699","2,778",87.6,"21,296","2,676",88.8,"22,760","2,484",90.2,"24,048","2,606",90.2,"21,286","2,449",89.7,"18,699","2,344",88.9,"22,500","2,629",89.5,"22,893","2,921",88.7,"19,914","2,852",87.5,"16,357","2,705",85.8,"17,324","3,002",85.2
120,人員,160,刑法犯_逃走,,0,1,0.0,1,1,50.0,4,0,100.0,4,1,80.0,1,3,25.0,2,3,40.0,0,0,0.0,3,1,75.0,5,0,100.0,0,1,0.0,1,1,50.0,2,0,100.0,1,1,50.0,1,1,50.0,4,0,100.0,3,1,75.0,11,0,100.0,6,3,66.7,5,3,62.5,3,4,42.9,3,0,100.0,3,1,75.0,5,3,62.5,9,3,75.0,11,0,100.0,3,0,100.0,4,1,80.0
120,人員,180,刑法犯_騒乱,,0,0,0.0,0,0,0.0,0,0,0.0,0,0,0.0,0,0,0.0,0,0,0.0,0,0,0.0,0,0,0.0,0,0,0.0,0,20,0.0,0,0,0.0,0,0,0.0,0,0,0.0,0,0,0.0,0,0,0.0,0,0,0.0,0,0,0.0,0,0,0.0,0,0,0.0,0,0,0.0,0,0,0.0,0,0,0.0,0,0,0.0,0,0,0.0,0,0,0.0,0,0,0.0,0,0,0.0
120,人員,200,刑法犯_失火,,45,103,30.4,40,86,31.7,47,73,39.2,47,69,40.5,31,67,31.6,29,64,31.2,43,67,39.1,45,56,44.6,25,37,40.3,32,49,39.5,32,59,35.2,27,52,34.2,41,52,44.1,48,46,51.1,35,51,40.7,64,64,50.0,61,44,58.1,45,45,50.0,45,32,58.4,41,35,53.9,47,27,63.5,39,29,57.4,42,26,61.8,45,43,51.1,62,35,63.9,63,51,55.3,65,56,53.7
120,人員,310,刑法犯_文書偽造,,668,"1,795",27.1,748,"1,636",31.4,895,"1,372",39.5,970,"1,617",37.5,991,"1,589",38.4,"1,128","1,454",43.7,"1,219","1,965",38.3,"1,365","1,647",45.3,"1,473","1,894",43.7,"1,484","1,761",45.7,"1,724","1,535",52.9,"1,952","1,478",56.9,"2,358","1,452",61.9,"2,999","1,583",65.5,"2,812","1,500",65.2,"2,901","1,755",62.3,"2,795","1,647",62.9,"2,822","1,954",59.1,"1,984","1,788",52.6,"2,015","1,615",55.5,"1,869","1,192",61.1,"1,563","1,600",49.4,"1,477","1,367",51.9,"1,235","1,172",51.3,"1,123","1,353",45.4,"1,077","1,122",49.0,"1,143","1,309",46.6
120,人員,510,刑法犯_職権濫用,,0,"1,405",0.0,2,912,0.2,4,"1,044",0.4,0,790,0.0,1,"1,714",0.1,2,"1,365",0.1,0,862,0.0,1,887,0.1,4,956,0.4,1,955,0.1,4,897,0.4,6,"1,204",0.5,16,"1,308",1.2,1,"1,373",0.1,4,987,0.4,2,"1,010",0.2,4,"1,395",0.3,24,906,2.6,6,835,0.7,8,912,0.9,6,"1,105",0.5,1,"1,107",0.1,3,"1,242",0.2,1,"1,011",0.1,0,"1,140",0.0,0,737,0.0,8,505,1.6
120,人員,520,刑法犯_収賄,,46,11,80.7,49,5,90.7,30,24,55.6,47,7,87.0,35,12,74.5,29,5,85.3,45,8,84.9,41,6,87.2,33,31,51.6,39,29,57.4,47,13,78.3,53,14,79.1,52,15,77.6,85,18,82.5,69,20,77.5,118,40,74.7,98,45,68.5,154,32,82.8,144,42,77.4,111,73,60.3,109,24,82.0,147,39,79.0,151,22,87.3,117,17,87.3,99,49,66.9,123,49,71.5,99,35,73.9
120,人員,530,刑法犯_贈賄,,65,10,86.7,40,6,87.0,26,18,59.1,50,5,90.9,36,15,70.6,34,3,91.9,40,3,93.0,32,8,80.0,43,19,69.4,38,20,65.5,53,9,85.5,60,7,89.6,65,29,69.1,97,32,75.2,92,24,79.3,111,19,85.4,142,47,75.1,189,58,76.5,176,52,77.2,119,63,65.4,144,38,79.1,206,74,73.6,179,50,78.2,176,29,85.9,143,70,67.1,171,67,71.8,168,63,72.7
120,人員,590,刑法犯_傷害_傷害致死,,86,47,64.7,64,62,50.8,81,55,59.6,87,62,58.4,99,57,63.5,108,78,58.1,114,60,65.5,145,93,60.9,152,81,65.2,157,61,72.0,179,58,75.5,154,84,64.7,150,110,57.7,183,97,65.4,182,83,68.7,189,93,67.0,220,107,67.3,261,129,66.9,283,123,69.7,283,114,71.3,291,114,71.9,247,113,68.6,244,148,62.2,234,100,70.1,263,94,73.7,247,94,72.4,216,116,65.1
120,人員,600,刑法犯_傷害_暴行,,"3,856","9,940",28.0,"4,152","10,530",28.3,"4,419","10,758",29.1,"4,479","11,002",28.9,"4,337","10,663",28.9,"4,330","10,304",29.6,"4,304","9,755",30.6,"4,520","9,623",32.0,"4,365","8,641",33.6,"4,473","7,568",37.1,"3,925","6,529",37.5,"3,974","6,624",37.5,"3,985","6,452",38.2,"4,232","6,408",39.8,"4,579","6,365",41.8,"4,999","6,175",44.7,"5,004","6,250",44.5,"4,134","4,160",49.8,"3,921","3,459",53.1,"3,518","2,844",55.3,"2,292","1,637",58.3,"2,361","1,685",58.4,"2,242","1,780",55.7,"2,239","1,792",55.5,"2,331","1,672",58.2,"2,232","1,768",55.8,"2,372","1,812",56.7
120,人員,620,刑法犯_傷害_その他,,"5,310","11,398",31.8,"6,156","12,059",33.8,"6,744","12,275",35.5,"6,985","13,154",34.7,"7,124","13,296",34.9,"8,075","13,751",37.0,"8,375","12,928",39.3,"8,803","13,020",40.3,"9,047","12,267",42.4,"9,698","11,399",46.0,"9,672","10,310",48.4,"10,431","9,872",51.4,"10,861","10,329",51.3,"11,946","9,932",54.6,"13,698","10,260",57.2,"15,301","9,706",61.2,"15,594","10,057",60.8,"16,912","8,293",67.1,"16,809","7,286",69.8,"16,003","6,319",71.7,"11,698","4,115",74.0,"11,744","4,304",73.2,"11,843","4,320",73.3,"11,406","4,347",72.4,"11,306","4,250",72.7,"11,588","4,859",70.5,"11,609","4,694",71.2
120,人員,670,刑法犯_過失傷害_過失致死傷,,222,"3,494",6.0,211,"3,133",6.3,200,"3,237",5.8,203,"3,046",6.2,147,"2,658",5.2,177,"2,457",6.7,194,"2,682",6.7,211,"2,717",7.2,234,"2,736",7.9,185,"2,893",6.0,161,"2,615",5.8,157,"2,668",5.6,139,"2,915",4.6,120,"2,376",4.8,139,"2,202",5.9,136,"1,942",6.5,120,984,10.9,84,184,31.3,76,151,33.5,63,117,35.0,35,56,38.5,32,50,39.0,29,72,28.7,31,70,30.7,19,56,25.3,23,87,20.9,19,68,21.8
120,人員,690,刑法犯_過失傷害_業務上過失致死傷,,245,767,24.2,259,754,25.6,280,701,28.5,263,785,25.1,261,785,25.0,274,812,25.2,349,840,29.4,297,849,25.9,277,"1,063",20.7,300,805,27.1,315,807,28.1,335,890,27.3,355,909,28.1,388,920,29.7,389,968,28.7,448,975,31.5,582,"1,068",35.3,551,829,39.9,553,765,42.0,476,553,46.3,406,525,43.6,382,565,40.3,414,568,42.2,387,538,41.8,416,558,42.7,415,595,41.1,421,644,39.5
120,人員,700,刑法犯_過失傷害_重過失致死傷,,106,"1,682",5.9,116,"1,571",6.9,118,"1,705",6.5,124,"1,826",6.4,105,"1,919",5.2,100,"1,773",5.3,88,"1,735",4.8,105,"1,612",6.1,95,"1,438",6.2,90,"1,544",5.5,97,"1,921",4.8,93,"1,916",4.6,106,"1,732",5.8,84,"1,467",5.4,65,"1,086",5.6,56,842,6.2,44,584,7.0,38,804,4.5,37,668,5.2,41,660,5.8,23,259,8.2,19,162,10.5,15,134,10.1,25,119,17.4,24,169,12.4,18,150,10.7,23,111,17.2
120,人員,710,刑法犯_過失傷害_自動車による過失致死傷等_業務上過失致死傷,,16,173,8.5,25,171,12.8,41,175,19.0,36,210,14.6,40,213,15.8,34,216,13.6,29,276,9.5,39,290,11.9,56,345,14.0,68,751,8.3,77,"1,176",6.1,126,"1,119",10.1,372,"12,137",3.0,"1,665","5,980",21.8,"53,550","390,853",12.0,"85,801","742,966",10.4,"91,980","766,694",10.7,"101,891","735,785",12.2,"99,152","744,481",11.8,"93,106","716,368",11.5,"86,432","635,995",12.0,"83,178","558,924",13.0,"88,344","518,161",14.6,"91,951","544,656",14.4,"94,948","536,027",15.0,"96,391","516,102",15.7,"99,106","506,108",16.4
120,人員,720,刑法犯_過失傷害_自動車による過失致死傷等_重過失致死傷,,2,73,2.7,0,79,0.0,5,145,3.3,5,115,4.2,4,86,4.4,4,144,2.7,5,111,4.3,5,207,2.4,3,357,0.8,9,451,2.0,7,453,1.5,7,454,1.5,10,497,2.0,26,535,4.6,24,666,3.5,29,671,4.1,51,758,6.3,49,"1,006",4.6,63,"1,038",5.7,74,"1,052",6.6,76,822,8.5,52,735,6.6,45,752,5.6,56,825,6.4,74,804,8.4,163,762,17.1,118,742,13.7
120,人員,730,刑法犯_過失傷害_自動車による過失致死傷等_自動車運転過失致死傷,,0,23,0.0,3,28,9.7,33,96,25.6,7,297,2.3,26,399,6.1,135,566,19.3,"1,606","2,599",38.2,"37,721","245,636",13.3,"56,588","540,308",9.5,"58,694","565,605",9.4,"60,366","590,979",9.3,"64,254","613,936",9.5,"67,249","613,989",9.9,"68,320","635,019",9.7,"23,546","309,472",7.1,…,…,…,…,…,…,…,…,…,…,…,…,…,…,…,…,…,…,…,…,…,…,…,…,…,…,…,…,…,…,…,…,…,…,…,…
120,人員,740,刑法犯_過失傷害_自動車による過失致死傷等_過失運転致死傷アルコール等影響発覚免脱,,57,9,86.4,39,21,65.0,50,13,79.4,83,13,86.5,95,9,91.3,82,15,84.5,96,12,88.9,45,4,91.8,…,…,…,…,…,…,…,…,…,…,…,…,…,…,…,…,…,…,…,…,…,…,…,…,…,…,…,…,…,…,…,…,…,…,…,…,…,…,…,…,…,…,…,…,…,…,…,…,…,…,…,…,…,…,…,…,…
120,人員,750,刑法犯_過失傷害_自動車による過失致死傷等_過失運転致死傷,,"37,790","242,840",13.5,"38,861","253,394",13.3,"44,065","315,659",12.2,"46,739","360,556",11.5,"48,673","396,806",10.9,"50,210","419,961",10.7,"51,389","453,956",10.2,"17,318","241,982",6.7,…,…,…,…,…,…,…,…,…,…,…,…,…,…,…,…,…,…,…,…,…,…,…,…,…,…,…,…,…,…,…,…,…,…,…,…,…,…,…,…,…,…,…,…,…,…,…,…,…,…,…,…,…,…,…,…,…
120,人員,760,刑法犯_過失傷害_自動車による過失致死傷等_無免許過失運転致死傷アルコール等影響発覚免脱,,2,0,100.0,3,0,100.0,8,0,100.0,3,0,100.0,6,0,100.0,8,1,88.9,6,0,100.0,6,0,100.0,…,…,…,…,…,…,…,…,…,…,…,…,…,…,…,…,…,…,…,…,…,…,…,…,…,…,…,…,…,…,…,…,…,…,…,…,…,…,…,…,…,…,…,…,…,…,…,…,…,…,…,…,…,…,…,…,…
120,人員,770,刑法犯_過失傷害_自動車による過失致死傷等_無免許過失運転致死傷,,627,165,79.2,565,146,79.5,603,167,78.3,752,173,81.3,751,178,80.8,848,156,84.5,877,179,83.0,295,30,90.8,…,…,…,…,…,…,…,…,…,…,…,…,…,…,…,…,…,…,…,…,…,…,…,…,…,…,…,…,…,…,…,…,…,…,…,…,…,…,…,…,…,…,…,…,…,…,…,…,…,…,…,…,…,…,…,…,…
120,人員,1080,刑法犯_背任,,33,112,22.8,30,114,20.8,19,129,12.8,29,116,20.0,42,186,18.4,21,155,11.9,19,134,12.4,15,103,12.7,13,138,8.6,35,118,22.9,16,91,15.0,13,121,9.7,23,129,15.1,17,87,16.3,25,110,18.5,25,193,11.5,28,123,18.5,51,246,17.2,99,162,37.9,45,156,22.4,26,103,20.2,77,130,37.2,43,174,19.8,82,163,33.5,30,148,16.9,72,142,33.6,35,134,20.7
120,人員,1310,刑法犯_その他の刑法犯,,971,"3,983",19.6,"1,185","4,833",19.7,"1,208","3,841",23.9,"1,189","3,221",27.0,"1,167","2,664",30.5,"1,367","2,918",31.9,"1,428","4,009",26.3,"1,381","8,752",13.6,"1,485","6,658",18.2,"1,338","5,484",19.6,"1,658","5,021",24.8,"1,981","5,199",27.6,"2,038","4,490",31.2,"2,054","2,707",43.1,"2,298","2,187",51.2,"2,454","2,257",52.1,"2,654","2,456",51.9,"2,067","2,276",47.6,"1,825","2,010",47.6,"1,735","1,720",50.2,"1,518","1,490",50.5,"1,280","1,656",43.6,"1,589","1,576",50.2,"2,014","2,019",49.9,"1,702","1,777",48.9,"1,442","1,749",45.2,"1,427","1,643",46.5
120,人員,1330,特別法犯(道路交通法等違反を除く。)_公職選挙法,,80,805,9.0,19,117,14.0,185,538,25.6,12,131,8.4,60,111,35.1,99,173,36.4,460,608,43.1,79,102,43.6,209,273,43.4,33,146,18.4,397,872,31.3,257,246,51.1,314,577,35.2,51,405,11.2,"1,245","1,091",53.3,419,454,48.0,673,812,45.3,458,317,59.1,936,"1,362",40.7,921,"1,103",45.5,"2,876","2,177",56.9,"1,040",615,62.8,588,291,66.9,"1,648","1,529",51.9,"4,777","5,043",48.6,478,630,43.1,"3,362","4,107",45.0
120,人員,2430,特別法犯(道路交通法等違反を除く。)_その他の特別法犯,,"29,169","33,748",46.4,"29,688","35,684",45.4,"30,732","35,030",46.7,"31,700","35,086",47.5,"30,977","34,288",47.5,"31,031","34,007",47.7,"31,975","34,359",48.2,"32,063","34,674",48.0,"32,161","33,403",49.1,"34,429","34,207",50.2,"35,349","33,503",51.3,"39,109","37,546",51.0,"42,319","40,230",51.3,"44,006","38,665",53.2,"48,925","38,100",56.2,"51,125","35,895",58.8,"50,679","31,783",61.5,"40,088","18,282",68.7,"37,238","17,653",67.8,"33,767","16,402",67.3,"34,920","16,472",67.9,"35,630","15,390",69.8,"35,218","15,542",69.4,"34,262","15,205",69.3,"33,553","15,971",67.8,"33,726","17,265",66.1,"30,906","16,350",65.4
120,人員,2460,道路交通法等違反_自動車の保管場所の確保等に関する法律,,751,95,88.8,594,61,90.7,638,54,92.2,846,68,92.6,"1,081",94,92.0,"1,956",142,93.2,"2,754",131,95.5,"2,684",90,96.8,"3,335",114,96.7,"3,433",129,96.4,"3,627",181,95.2,"4,232",205,95.4,"4,979",279,94.7,"5,360",169,96.9,"6,747",174,97.5,"9,236",311,96.7,"12,642",387,97.0,"20,395",465,97.8,"23,751","1,325",94.7,"29,169",578,98.1,"37,752",734,98.1,"38,826",904,97.7,"41,195","1,296",96.9,"43,867","1,042",97.7,"45,225","1,474",96.8,"54,895","1,777",96.9,"58,700",812,98.6
120,人員,2440,道路交通法等違反,,"103,162","99,135",51.0,"107,358","104,613",50.6,"127,471","106,663",54.4,"147,440","111,697",56.9,"165,057","115,223",58.9,"181,838","120,434",60.2,"191,415","119,556",61.6,"196,683","117,880",62.5,"221,272","123,372",64.2,"249,562","130,120",65.7,"273,750","127,527",68.2,"304,307","129,010",70.2,"333,825","135,787",71.1,"357,391","155,109",69.7,"434,004","163,196",72.7,"530,181","155,026",77.4,"586,554","131,699",81.7,"726,840","105,490",87.3,"766,263","93,024",89.2,"793,464","81,372",90.7,"915,666","70,430",92.9,"915,119","64,257",93.4,"937,396","59,726",94.0,"903,463","58,744",93.9,"862,217","57,784",93.7,"956,567","63,967",93.7,"1,022,275","54,026",95.0
120,人員,2450,道路交通法等違反_道路交通法,,"102,411","99,040",50.8,"106,764","104,552",50.5,"126,833","106,609",54.3,"146,594","111,629",56.8,"163,976","115,129",58.8,"179,882","120,292",59.9,"188,661","119,425",61.2,"193,999","117,790",62.2,"217,937","123,258",63.9,"246,129","129,991",65.4,"270,123","127,346",68.0,"300,075","128,805",70.0,"328,846","135,508",70.8,"352,031","154,940",69.4,"427,257","163,022",72.4,"520,945","154,715",77.1,"573,912","131,312",81.4,"706,445","105,025",87.1,"742,512","91,699",89.0,"764,295","80,794",90.4,"877,914","69,696",92.6,"876,293","63,353",93.3,"896,201","58,430",93.9,"859,596","57,702",93.7,"816,992","56,310",93.6,"901,672","62,190",93.5,"963,575","53,214",94.8